Datetime,Water Level (m)
2025-04-16 00:00:00,-0.40782544
2025-04-16 01:00:00,-0.6822129
2025-04-16 02:00:00,-0.91571486
2025-04-16 03:00:00,-1.1384021
2025-04-16 04:00:00,-1.2208554
2025-04-16 05:00:00,-0.71009266
2025-04-16 06:00:00,0.19743653
2025-04-16 07:00:00,0.69790643
2025-04-16 08:00:00,0.95720065
2025-04-16 09:00:00,1.1112323
2025-04-16 10:00:00,1.0510734
2025-04-16 11:00:00,0.6981472
2025-04-16 12:00:00,0.22379301
2025-04-16 13:00:00,-0.17199972
2025-04-16 14:00:00,-0.52586573
2025-04-16 15:00:00,-0.85208905
2025-04-16 16:00:00,-1.0642402
2025-04-16 17:00:00,-0.9804078
2025-04-16 18:00:00,-0.13349436
2025-04-16 19:00:00,0.48586324
2025-04-16 20:00:00,0.61653733
2025-04-16 21:00:00,0.64889526
2025-04-16 22:00:00,0.5706959
2025-04-16 23:00:00,0.32789743
2025-04-17 00:00:00,-0.078169726
2025-04-17 01:00:00,-0.43454766
2025-04-17 02:00:00,-0.73467195
2025-04-17 03:00:00,-1.0077937
2025-04-17 04:00:00,-1.2061338
2025-04-17 05:00:00,-1.1159251
2025-04-17 06:00:00,-0.1855034
2025-04-17 07:00:00,0.5356206
2025-04-17 08:00:00,0.77941686
2025-04-17 09:00:00,0.96492755
2025-04-17 10:00:00,1.0233301
2025-04-17 11:00:00,0.8839242
2025-04-17 12:00:00,0.47177094
2025-04-17 13:00:00,0.07477988
2025-04-17 14:00:00,-0.26293898
2025-04-17 15:00:00,-0.5978237
2025-04-17 16:00:00,-0.8732607
2025-04-17 17:00:00,-1.0015656
2025-04-17 18:00:00,-0.64085245
2025-04-17 19:00:00,0.15822154
2025-04-17 20:00:00,0.51663387
2025-04-17 21:00:00,0.5578324
2025-04-17 22:00:00,0.5368883
2025-04-17 23:00:00,0.39608315
2025-04-18 00:00:00,0.10163105
2025-04-18 01:00:00,-0.25663963
2025-04-18 02:00:00,-0.5434523
2025-04-18 03:00:00,-0.78834766
2025-04-18 04:00:00,-1.0071057
2025-04-18 05:00:00,-1.0804943
2025-04-18 06:00:00,-0.61619407
2025-04-18 07:00:00,0.19142333
2025-04-18 08:00:00,0.59198415
2025-04-18 09:00:00,0.77700526
2025-04-18 10:00:00,0.92956245
2025-04-18 11:00:00,0.9469854
2025-04-18 12:00:00,0.71043086
2025-04-18 13:00:00,0.31157717
2025-04-18 14:00:00,-0.020886997
2025-04-18 15:00:00,-0.32303676
2025-04-18 16:00:00,-0.6329023
2025-04-18 17:00:00,-0.839023
2025-04-18 18:00:00,-0.8621749
2025-04-18 19:00:00,-0.44060355
2025-04-18 20:00:00,0.1733835
2025-04-18 21:00:00,0.39025444
2025-04-18 22:00:00,0.36129665
2025-04-18 23:00:00,0.30363575
2025-04-19 00:00:00,0.20204088
2025-04-19 01:00:00,-0.012401448
2025-04-19 02:00:00,-0.27568036
2025-04-19 03:00:00,-0.52185583
2025-04-19 04:00:00,-0.745493
2025-04-19 05:00:00,-0.9139188
2025-04-19 06:00:00,-0.8701453
2025-04-19 07:00:00,-0.31559885
2025-04-19 08:00:00,0.30788302
2025-04-19 09:00:00,0.5406548
2025-04-19 10:00:00,0.6766315
2025-04-19 11:00:00,0.78048646
2025-04-19 12:00:00,0.7846007
2025-04-19 13:00:00,0.5339508
2025-04-19 14:00:00,0.19279206
2025-04-19 15:00:00,-0.06772215
2025-04-19 16:00:00,-0.31519756
2025-04-19 17:00:00,-0.5602296
2025-04-19 18:00:00,-0.7117649
2025-04-19 19:00:00,-0.7148544
2025-04-19 20:00:00,-0.3358822
2025-04-19 21:00:00,0.1284635
2025-04-19 22:00:00,0.29143357
2025-04-19 23:00:00,0.29634655
2025-04-20 00:00:00,0.25009862
2025-04-20 01:00:00,0.14531085
2025-04-20 02:00:00,-0.09380395
2025-04-20 03:00:00,-0.3190721
2025-04-20 04:00:00,-0.4889723
2025-04-20 05:00:00,-0.64572096
2025-04-20 06:00:00,-0.72974
2025-04-20 07:00:00,-0.59954524
2025-04-20 08:00:00,-0.18623377
2025-04-20 09:00:00,0.19499229
2025-04-20 10:00:00,0.38759744
2025-04-20 11:00:00,0.56484014
2025-04-20 12:00:00,0.7043778
2025-04-20 13:00:00,0.750478
2025-04-20 14:00:00,0.5929583
2025-04-20 15:00:00,0.31133658
2025-04-20 16:00:00,0.046991166
2025-04-20 17:00:00,-0.22263084
2025-04-20 18:00:00,-0.46170008
2025-04-20 19:00:00,-0.6246598
2025-04-20 20:00:00,-0.64062536
2025-04-20 21:00:00,-0.42828408
2025-04-20 22:00:00,-0.04482168
2025-04-20 23:00:00,0.19893053
2025-04-21 00:00:00,0.23024967
2025-04-21 01:00:00,0.2621108
2025-04-21 02:00:00,0.26281828
2025-04-21 03:00:00,0.09999699
2025-04-21 04:00:00,-0.13784164
2025-04-21 05:00:00,-0.32992217
2025-04-21 06:00:00,-0.49568152
2025-04-21 07:00:00,-0.61607
2025-04-21 08:00:00,-0.59788936
2025-04-21 09:00:00,-0.2901724
2025-04-21 10:00:00,0.12127604
2025-04-21 11:00:00,0.31999886
2025-04-21 12:00:00,0.46006843
2025-04-21 13:00:00,0.62096256
2025-04-21 14:00:00,0.7270385
2025-04-21 15:00:00,0.6731861
2025-04-21 16:00:00,0.43924344
2025-04-21 17:00:00,0.1742003
2025-04-21 18:00:00,-0.09875741
2025-04-21 19:00:00,-0.3718256
2025-04-21 20:00:00,-0.6006444
2025-04-21 21:00:00,-0.72500986
2025-04-21 22:00:00,-0.68246007
2025-04-21 23:00:00,-0.35187727
2025-04-22 00:00:00,0.072590485
